Karl Oil,38.9
CV Petrol,37.9
Skanska,37.9
Polar,37.6
Šafránka Praha,37.6
Boxit,37.6
Èas Znojmo,37.4
Roha,37.2
Agrotec Group,37.2
Shell Czech Republic,37.127650602409595
Green-Pro,36.9
Obchodní družstvo Dlouhá Louèka,36.9
Malinka,36.9
Automega,36.9
Hortim,36.9
FORS CS,36.9
Avanti,36.7875
AVIA,36.766666666666666
Motomo,36.7
Drast,36.7
Egeria,36.7
JET,36.7
Dryml,36.7
Blanka Suchá,36.6
Tempex,36.6
Agip,36.58220338983052
OMV,36.53368421052624
K1,36.5
M Oil s.r.o.,36.5
RS+Synek,36.5
Tannaco,36.5
Starpetrol,36.5
TENRYU,36.5
HOS Lipno,36.5
E.S.A.K.,36.5
RMV,36.5
Stajam,36.5
Union Road,36.5
PHM Plus,36.5
RB Oil,36.5
MG Management,36.5
Vest,36.5
MPA,36.4
Arcos,36.4
PH-Mobil,36.4
TM Stav,36.4
Jan Hruboš,36.4
Evapp,36.3
Elko Oil,36.3
Agro,36.3
JR Tank,36.3
Miloš Kvaèek,36.2
Kolev,36.2
MTV Group,36.2
EBU,36.2
Zdenìk Barták,36.2
Blok,36.2
SIZ Velké Hamry 624,36.2
Pema,36.19
Agrochem,36.1
Rostislava Sklenáøová,36.1
Benzina Plus,36.094897959183676
TTB sro.,36.0
Dobroslava Kubisková,36.0
Benol,35.99
ÈSAD,35.95
ETK,35.93333333333334
Ojl,35.9
Meandr Mìchenice,35.9
Radek Lehký,35.9
Sihelský,35.9
TOP Petrol,35.9
Shell,35.9
SP Servis,35.9
Pavel Langr,35.9
Eldostav,35.9
Manakov,35.9
Agip ÈR,35.9
ÈS Sibøina,35.9
DPB Paskov,35.9
KC OIL,35.9
Paramo,35.9
KONT.CZ,35.9
PR-Pavel Rùžièka,35.9
Jitka Soukupová,35.9
Zdenìk Hanzlíèek,35.9
ZDAR,35.9
CTJ,35.9
Dota,35.9
Forman,35.9
Novotný,35.9
Euro-Miky,35.9
Tix Express,35.9
CITI TANK a.s.,35.9
East Oil,35.9
CAROIL CZECH,35.9
Transcentrum,35.9
MP Word,35.9
ÈS Jevišovice,35.8
Duba-Oil,35.8
Motrans Støílky,35.8
Max oil,35.8
Albeva Morava,35.8
Èerchovka,35.8
Inform Tour,35.8
RoBIN OIL,35.8
Tank a Go,35.8
Kufa,35.8
Kácov,35.8
Euro Oil,35.8
Auko,35.8
Trilobit,35.75
Silmet,35.71428571428571
Bors,35.7
OPOS CZ,35.7
Qatro,35.7
B.C.S.,35.7
Jaromír Krchòavý,35.7
Kar Oil,35.7
T.V.G.,35.7
ENT-Energotis,35.7
Gašparec,35.7
Èastulík,35.7
Gatrak,35.7
Autoslužby Pavlišta,35.6
Bentel,35.6
Way24,35.6
J Tank,35.6
Benaz,35.6
Rabštejn,35.6
A9,35.6
GBO,35.599999999999994
Galon,35.56666666666666
Medos,35.56125
Bary,35.55
Slovnaft,35.532
Delta Oil,35.5
Gabi,35.5
GP Gáz Petrol,35.5
NC Trade,35.5
Kont CZ,35.5
FTL,35.5
MB Skuteè,35.5
Orima,35.5
Muso,35.5
Mars,35.5
Morávia-Bagr,35.5
Jupí,35.5
Liberecká automobilová doprava,35.5
ÈSAD Hodonín,35.5
TMAS CZ,35.5
Profi Auto,35.5
Tankovací automat Kozov,35.5
Autocentrum Kreans,35.5
Wágnerová,35.5
SMR,35.5
Raufer,35.5
Baltic Oil,35.5
AUTO Janák,35.5
Comett Plus,35.5
Èermák IES,35.5
U Sv.Huberta,35.5
Auto Petrol s.r.o.,35.5
Weiss Miroslav,35.5
Petr,35.5
Trako,35.5
TCP,35.5
Limitoo,35.43333333333334
Rockoil,35.4
Mobil Gas,35.4
Stanislava Adamová,35.4
Miroslav Müller,35.4
EP Petrol,35.4
Pražské Služby,35.4
Zena,35.4
Instop,35.4
Horácké autodružstvo,35.4
Olbena,35.4
Pletka,35.375
Benzina,35.30627802690576
B plus H,35.3
KAMU,35.3
ÈS Praha Florenc,35.3
ÈSAD Svitavy,35.3
Alitron,35.3
DodyOil,35.3
Agrodružstvo Košetice,35.3
Pasoil,35.29285714285714
Kontakt,35.29285714285713
Pento,35.279999999999994
AB Oil,35.2725
Armex Oil,35.24
PapOil,35.200813008130076
ATS Company,35.2
Obživa,35.2
Tohoz,35.2
Majority Petrol,35.2
PIER-PAM s.r.o.,35.2
M a M Oil,35.2
Otto Garèic,35.2
AD,35.2
Automont CSW,35.2
Šmída,35.2
AS24,35.2
Flodur,35.2
S2,35.2
NN Oil,35.2
ATS COMPANY (u Motelu Karvinská,35.2
ALITRON CZ,35.1875
KM-Prona,35.171428571428564
Oil Team,35.1625
Swiss Tank,35.114285714285714
HDB,35.1
Šafránka,35.1
Autoplus,35.1
Tank Oil,35.1
EuroOil,35.06947368421049
Adosa,35.06666666666666
VS Petrol,35.050000000000004
ÈS,35.04444444444444
Marie Èapková,35.0
PaedDr. Monika Kutilová,35.0
EKOS,35.0
Mikra Plus,35.0
Vinaco,35.0
Jiøí Vlach,35.0
FATO Plus,34.900000000000006
ÈS Mostek,34.9
Dítì Logistic,34.9
Josef Fric,34.9
K-Petrol,34.9
ÈS KOTRLA a.s.,34.9
Nikey,34.9
Benzina plus,34.9
K+K Auto Centrum,34.9
Roal,34.9
ASB,34.9
Cihelna Ivanèice,34.9
OR Jeneè,34.9
Èechotrans,34.9
Bus Line,34.9
Q group,34.9
ASD Truck,34.9
Dagmar Janoutová,34.9
Jaroslav Krauer,34.9
Petria,34.9
Jaroslav Havel,34.9
Bílý a syn,34.9
Charouz,34.9
Pavel Semerád,34.9
BD,34.9
SF Petrol Tank,34.9
Adam,34.9
Atac Oil,34.9
Emal,34.9
Maja Oil,34.9
Texaco,34.9
Erneks,34.9
Ama Fin,34.9
Autospektrum Vorel,34.9
Marcela Pešková,34.9
Marek Spedition,34.9
Fama,34.9
Matimex,34.9
petra,34.9
EKO Litice,34.9
Konsekvence Ulrych,34.9
ZD Mìsteèko Trnávka,34.9
ZD Nechanice,34.9
Zemìdìlské obchodní družstvo Vilémov,34.9
GEM,34.9
Madoil,34.9
Milan Schwarz,34.9
BSV,34.9
JVM Oil,34.9
B.R.G.,34.86666666666667
A+S,34.85
Star-Benzina,34.85
ERNEKS/oil TEAM,34.84444444444445
RoBiN OIL,34.82539682539683
Unicorn,34.817647058823525
Albert ÈS,34.80869565217391
Autorest,34.800000000000004
Oktan,34.800000000000004
Eurowag,34.800000000000004
RobinOil,34.8
FAU,34.8
MMC Energie,34.8
DAT CZ,34.8
Tavi Oil,34.8
Fraba Diesel,34.8
Martin Oil,34.8
Travel free,34.8
JaPeOil,34.8
EK,34.8
Èeskomoravská olejáøská,34.8
Jan Špatenka a syn,34.8
TOLOSANER a.s.,34.77
Tukas,34.75
Agro Žamberk,34.73166666666666
Calibra Plus,34.724999999999994
Gulf,34.714285714285715
Strážovská èerpací stanice,34.7
Macháè,34.7
DELO,34.7
Victory,34.7
Benzhor,34.7
F9,34.7
SVA,34.7
ADW,34.7
VM Autocentrum,34.7
AV Tank,34.7
Karimpex,34.7
PROTON,34.7
Chemis engine,34.675
Jihotrans,34.666666666666664
Daitech,34.650000000000006
Marek Honemeyer,34.65
Petra,34.65
LukOil,34.64651162790698
G7,34.620000000000005
ÈS Prokop Milan,34.6
ÈSAO Malešice,34.6
UNO-HK,34.6
ÈP COBALT,34.6
Benz,34.599999999999994
Acter Tank,34.56666666666666
Top Tank F1 gas,34.53333333333333
D Oil,34.5
Petrol Station,34.5
SETA-COS,34.5
Jambor,34.5
Poprop,34.5
První Horácká,34.5
RMW,34.5
Bohemia Diesel,34.5
ATP Petrol,34.5
ZD Rataje,34.5
Vlastimil Miler,34.5
TomeGas,34.5
Top tank F1 gas,34.5
Agro Choceò,34.5
B.P. City,34.5
Cafro Plus,34.5
Ekomont Havel,34.5
Konaco,34.5
Euro Prim,34.5
LOSAC a.s.,34.5
Framex,34.5
Merkur K,34.5
Hokal,34.5
MV Plus,34.5
KALE,34.5
HOS,34.5
MWD,34.5
KM PROMA,34.5
Radius,34.46666666666667
Bexon,34.4
Unipol,34.4
Agropa,34.4
Trio,34.4
KABE Mšeno,34.4
KLB oil,34.4
M-SILNICE,34.4
LYKA,34.4
K-Oil,34.4
František Tìžký,34.4
Damara,34.4
BBK Oil,34.4
Spoleènost 67,34.3
Robin Oil,34.3
Tesco Stores ÈR,34.3
Lucky CS Gold,34.26666666666667
BD Oil,34.2
Autocentrum Novotný,34.2
Konzum,34.2
Vladimír Hrubý autodoprava,34.2
Globus,34.15266666666666
Koloc Oil,34.150000000000006
DAG,34.15
MAKRO Cash &amp; Carry ÈR,34.00833333333333
Transeurope,34.0
Agropodnik Domažlice,34.0
Topexol,34.0
Progres,34.0
Auto Bouška,33.99
A1 Hunsgas,33.975
ARMEX OIL,33.9
Votava,33.9
AMODO,33.9
Jana Radkovièová,33.9
Janout,33.9
Zerogas Plus,33.9
Gallahart,33.9
Frukoil,33.9
Vladimír Novotný,33.9
Auto Kápl,33.9
Karel Frolík,33.9
Gold,33.9
Arze,33.9
Noprosu,33.9
Mona Plus,33.9
TOLOSANER a.s,33.9
Luboš Šolc,33.9
Pepino,33.9
Enzo,33.9
Bruto a.s.,33.9
Best Fin Plus,33.9
Šátka a Simajchl,33.9
B2oil,33.9
Benapo,33.9
LUTO GAS,33.9
Vena Trade,33.845454545454544
Oldos,33.8
Z-Petrol,33.8
Jaroslav Vondrák,33.8
Rony Oil,33.8
P a M,33.8
H.A.S.,33.7
Zoregas,33.7
Èerpací stanice Brtek,33.7
Agra Deštná,33.6
Markop FL,33.6
ICOM Transport,33.56666666666666
MK Rasla,33.5
PRIM,33.5
Totoil,33.5
Uni Málkov,33.5
Seco Trans,33.5
Petronal,33.4
Auto Jarov,33.4
Autocentrum Boura,33.4
WGW,33.4
Prim,33.300000000000004
F1 GAS ,33.3
Milan Bayer,33.2
Kamaro Oil,33.2
Superoktan,33.2
Auto Peli,33.1
Nova Invest,33.1
Tank ONO,33.02258064516128
ÈS GOLD,32.9
Ino Ipa,32.9
Patrol Mobile,32.9
Mavex Diesel,32.9
Petrol,32.9
EUROBIT,32.9
Gull Oil,32.9
DB9,32.9
DB Plus,32.9
Energomašinvex,32.9
TANK ONO,32.9
Alan Expo,32.9
Pohona,32.9
M-Pohon,32.9
Eurobit,32.9
Eurobit  Olbrachtova,32.9
Eurobit Oil,32.9
Cargas,32.9
ÈS Zajeèice,32.8
RKR,32.8
